name,image
Christopher Buneo,buneo.jpg
Daniel Aukes,Aukes_Daniel_1208_w.jpg
Georgios Fainekos,Georgios_Fainekos-09w.jpg
Hamid Marvi,Marvi_Hamidreza_1448b.jpg
Heni Ben Amor,BenAmor_Hani_400x533.jpg
Hyunglae Lee,LeeHyunglae-RK-14573-sm.jpg
Panagiotis (Panos) Polygerinos,panos.jpg
Panos Artemiadis,Artemiadis_Panagiotis_0002b.jpg
Pauline Davies,Pauline's ABC photos 021.jpg
Spring Berman,BermanProfilePhoto.jpg
Theodore (Ted) Pavlic,Pavlic_Ted_2848b1.jpg
Thomas Sugar,Sugar_Thomas_1099b.jpg
Thurmon Lockhart,Lockhart_Thurmon_3108c-lock.jpg
Wenlong Zhang,Wenlong_Zhang_1295b.jpg
Yezhou Yang,yezhou yang.jpg
Yi (Max) Ren,Ren_Yi_2015.jpg
Yinong Chen,yinong09.jpg
Yu(Tony) Zhang,Zhang_Yu_004w.jpg
Aviral Shrivastava,aviralshrivastava-featured.jpg
Erin Chiou,erin_chiou.jpg
Subbarao Kambhampati,rao-fall-colors.JPG
